﻿name,mbox,ob_id,"activity title","activity type","time stamp","stored time","scene sort","scene index",conversation,verb,response,result,score
taco2,Email@xxxx.com.tw,ispring://scenarios/TalkMaster_001/scenes/10_0,,cmi.interaction,"2018-08-28 13:53:39","2018-08-28 13:53:40",0,10,"END",experienced," ",,0
taco2,Email@xxxx.com.tw,ispring://scenarios/TalkMaster_001/scenes/8_0,,cmi.interaction,"2018-08-28 13:53:37","2018-08-28 13:53:40",0,8,"您的面試表現，普普通通 主管對你的應變能力有所保留，請再接再厲。",responded,繼續,,0
taco2,Email@xxxx.com.tw,ispring://scenarios/TalkMaster_001/scenes/5_0,,cmi.interaction,"2018-08-28 13:53:34","2018-08-28 13:53:40",0,5,"接下來我有幾個問題要詢問你，你簡單說明就可以了。假如你最近一直在從事最耗時的工作，例如：複雜的統計工作。你知道這不是任何人的錯，因為你已經按照最優次序完成工作。某天，你接到第四項工作，這又是一項“難做的事”。你會怎麼辦？",responded,"向協調者抱怨，但仍然做這項工作。(1-2)
"," ",50
taco2,Email@xxxx.com.tw,ispring://scenarios/TalkMaster_001/scenes/2_0,,cmi.interaction,"2018-08-28 13:53:28","2018-08-28 13:53:40",0,2,"你好，你就是陳先生嗎？請坐我們看了你的履歷對你的工作經驗非常有興趣",responded,"真的嗎，感謝您的青睞！(1)
",,0
taco2,Email@xxxx.com.tw,ispring://scenarios/TalkMaster_001/scenes/1_0,,cmi.interaction,"2018-08-28 13:53:25","2018-08-28 13:53:40",0,1,"【您剛剛填的資料如下】名稱：%USER_NAME% | 電子郵件：%USER_EMAIL%公司：%POSBOSS_COMPANY% | 部門：%POSBOSS_DEPARTMENT%職稱：%POSBOSS_JOBTITLE%電話：%POSBOSS_PHONE% | 地址：%POSBOSS_ADDRESS%測驗編號：%POSBOSS_EXAM_NO% | 學號：%POSBOSS_STUDENT_ID%",responded,開始,,0
taco,taco168@posboss.com.tw,ispring://scenarios/TalkMaster_001/scenes/10_0,,cmi.interaction,"2018-08-28 09:56:19","2018-08-28 09:56:21",0,10,"END",experienced," ",,0
taco,taco168@posboss.com.tw,ispring://scenarios/TalkMaster_001/scenes/7_0,,cmi.interaction,"2018-08-28 09:56:16","2018-08-28 09:56:21",0,7,"很可惜，您面試失敗了！ 主管對你的應變能力不是很滿意。",responded,繼續,,0
taco,taco168@posboss.com.tw,ispring://scenarios/TalkMaster_001/scenes/5_0,,cmi.interaction,"2018-08-28 09:56:13","2018-08-28 09:56:21",0,5,"接下來我有幾個問題要詢問你，你簡單說明就可以了。假如你最近一直在從事最耗時的工作，例如：複雜的統計工作。你知道這不是任何人的錯，因為你已經按照最優次序完成工作。某天，你接到第四項工作，這又是一項“難做的事”。你會怎麼辦？",responded,"把這項工作丟在一邊，從事另一項工作。(1-1)
"," ",20
taco,taco168@posboss.com.tw,ispring://scenarios/TalkMaster_001/scenes/2_0,,cmi.interaction,"2018-08-28 09:55:50","2018-08-28 09:56:21",0,2,"你好，你就是陳先生嗎？請坐我們看了你的履歷對你的工作經驗非常有興趣",responded,"真的嗎，感謝您的青睞！(1)
",,0
taco,taco168@posboss.com.tw,ispring://scenarios/TalkMaster_001/scenes/1_0,,cmi.interaction,"2018-08-28 09:54:46","2018-08-28 09:56:21",0,1,"【您剛剛填的資料如下】名稱：%USER_NAME% | 電子郵件：%USER_EMAIL%公司：%POSBOSS_COMPANY% | 部門：%POSBOSS_DEPARTMENT%職稱：%POSBOSS_JOBTITLE%電話：%POSBOSS_PHONE% | 地址：%POSBOSS_ADDRESS%測驗編號：%POSBOSS_EXAM_NO% | 學號：%POSBOSS_STUDENT_ID%",responded,繼續,,0
請輸入您的姓名,Email@xxxx.com.tw,ispring://scenarios/TalkMaster_001/scenes/10_0,,cmi.interaction,"2018-08-28 09:45:07","2018-08-28 09:45:09",0,10,"END",experienced," ",,0
請輸入您的姓名,Email@xxxx.com.tw,ispring://scenarios/TalkMaster_001/scenes/7_0,,cmi.interaction,"2018-08-28 09:45:04","2018-08-28 09:45:09",0,7,"很可惜，您面試失敗了！ 主管對你的應變能力不是很滿意。",responded,繼續,,0
請輸入您的姓名,Email@xxxx.com.tw,ispring://scenarios/TalkMaster_001/scenes/5_0,,cmi.interaction,"2018-08-28 09:45:02","2018-08-28 09:45:09",0,5,"接下來我有幾個問題要詢問你，你簡單說明就可以了。假如你最近一直在從事最耗時的工作，例如：複雜的統計工作。你知道這不是任何人的錯，因為你已經按照最優次序完成工作。某天，你接到第四項工作，這又是一項“難做的事”。你會怎麼辦？",responded,"把這項工作丟在一邊，從事另一項工作。(1-1)
"," ",20
請輸入您的姓名,Email@xxxx.com.tw,ispring://scenarios/TalkMaster_001/scenes/2_0,,cmi.interaction,"2018-08-28 09:44:30","2018-08-28 09:45:09",0,2,"你好，你就是陳先生嗎？請坐我們看了你的履歷對你的工作經驗非常有興趣",responded,"真的嗎，感謝您的青睞！(1)
",,0
請輸入您的姓名,Email@xxxx.com.tw,ispring://scenarios/TalkMaster_001/scenes/1_0,,cmi.interaction,"2018-08-28 09:38:46","2018-08-28 09:45:09",0,1,"【您剛剛填的資料如下】名稱：%USER_NAME% | 電子郵件：%USER_EMAIL%公司：%POSBOSS_COMPANY% | 部門：%POSBOSS_DEPARTMENT%職稱：%POSBOSS_JOBTITLE%電話：%POSBOSS_PHONE% | 地址：%POSBOSS_ADDRESS%測驗編號：%POSBOSS_EXAM_NO% | 學號：%POSBOSS_STUDENT_ID%",responded,繼續,,0
請輸入您的姓名,Email@xxxx.com.tw,ispring://scenarios/TalkMaster_001/scenes/10_0,,cmi.interaction,"2018-08-28 08:37:48","2018-08-28 08:37:50",0,10,"END",experienced," ",,0
請輸入您的姓名,Email@xxxx.com.tw,ispring://scenarios/TalkMaster_001/scenes/7_0,,cmi.interaction,"2018-08-28 08:37:45","2018-08-28 08:37:50",0,7,"很可惜，您面試失敗了！ 主管對你的應變能力不是很滿意。",responded,繼續,,0
請輸入您的姓名,Email@xxxx.com.tw,ispring://scenarios/TalkMaster_001/scenes/5_0,,cmi.interaction,"2018-08-28 08:37:42","2018-08-28 08:37:50",0,5,"接下來我有幾個問題要詢問你，你簡單說明就可以了。假如你最近一直在從事最耗時的工作，例如：複雜的統計工作。你知道這不是任何人的錯，因為你已經按照最優次序完成工作。某天，你接到第四項工作，這又是一項“難做的事”。你會怎麼辦？",responded,"把這項工作丟在一邊，從事另一項工作。(1-1)
"," ",20
請輸入您的姓名,Email@xxxx.com.tw,ispring://scenarios/TalkMaster_001/scenes/2_0,,cmi.interaction,"2018-08-28 08:37:37","2018-08-28 08:37:50",0,2,"你好，你就是陳先生嗎？請坐我們看了你的履歷對你的工作經驗非常有興趣",responded,"真的嗎，感謝您的青睞！(1)
",,0
請輸入您的姓名,Email@xxxx.com.tw,ispring://scenarios/TalkMaster_001/scenes/1_0,,cmi.interaction,"2018-08-28 08:31:21","2018-08-28 08:37:50",0,1,"【您剛剛填的資料如下】名稱：%USER_NAME% | 電子郵件：%USER_EMAIL%公司：%POSBOSS_COMPANY% | 部門：%POSBOSS_DEPARTMENT%職稱：%POSBOSS_JOBTITLE%電話：%POSBOSS_PHONE% | 地址：%POSBOSS_ADDRESS%測驗編號：%POSBOSS_EXAM_NO% | 學號：%POSBOSS_STUDENT_ID%",responded,繼續,,0
